name,gender
Adaleigh,F
Amryn,Unisex
Apurva,Unisex
Aryion,M
Alixia,F
Alyssarose,F
Arvell,M
Aibel,M
Atiyyah,F
Adlie,F
Anyely,F
Aamoni,F
Ahman,M
Arlane,F
Armoney,F
Atzhiry,F
Antonette,F
Akeelah,F
Abdikadir,M
Arinze,M
Arshaun,M
Alexandro,M
Ayriauna,F
Aqib,M
Alleya,F
Aavah,F
Anesti,Unisex
Adalaide,F
Analena,F
Alaeyah,F
Albena,F
Aimi,F
Adwaith,M
Arkady,M
Astyn,Unisex
Adelee,F
Agata,F
Alegna,F
Altan,M
Ahnaleigh,F
Algie,Unisex
Ashanti,F
Aislyn,F
Adaleine,F
Anthnoy,M
Algernon,M
Aeryona,F
Adrinne,F
Addell,F
Avril,F
Ahni,F
Aimon,M
Adolpho,M
Ahuva,F
Aurielle,F
Aveana,F
Aliyia,F
Alesander,M
Adnrea,F
Anjae,F
Alvine,F
Adorah,F
Adlemi,F
Alesi,F
Alontae,M
Antonny,M
Adarah,F
Ayreanna,F
Antyon,M
Andia,F
Ashla,F
Aspyn,F
Antwanett,F
Aundreia,F
Audella,F
Amari,Unisex
Arsha,Unisex
Aricella,F
Adan,M
Apasra,F
Alaysha,F
Anderson,M
Aurelius,M
Aerial,F
Averleigh,F
Aslean,F
Arniesha,F
Asyana,F
Annjane,F
Amabella,F
Austinjohn,M
Arloween,F
Alula,M
Anemone,F
Amorina,F
Anureet,F
Arric,M
Antonne,M
Alyre,M
Annaise,F
